{
  "project_info": {
    "project_number": "294979339077",
    "firebase_url": "https://detection-text-9c257.firebaseio.com",
    "project_id": "detection-text-9c257",
    "storage_bucket": "detection-text-9c257.appspot.com"
  },
  "client": [
    {
      "client_info": {
        "mobilesdk_app_id": "1:294979339077:android:e9ea09ac54b07f0fd0342c",
        "android_client_info": {
          "package_name": "com.example.detection"
        }
      },
      "oauth_client": [
        {
          "client_id": "294979339077-579gr33g733gk4vdvdv4drk121fdogj4.apps.googleusercontent.com",
          "client_type": 3
        }
      ],
      "api_key": [
        {
          "current_key": "AIzaSyDxK2gJM_9dJY9QwnsssFrWr_RO59H5kAg"
        }
      ],
      "services": {
        "appinvite_service": {
          "other_platform_oauth_client": [
            {
              "client_id": "294979339077-579gr33g733gk4vdvdv4drk121fdogj4.apps.googleusercontent.com",
              "client_type": 3
            }
          ]
        }
      }
    }
  ],
  "configuration_version": "1"
}